any_suggestion,suggest_safe ,suggest_efficient,agree_proposal,discuss_coordinte,discuss_fairness,discuss_efficient,discuss_rules,explanation,discuss_howtoplay,ask_game,receive_report,truthful,falsehood,contradict,neither_report,original_messages
1,0,1,0,0,0.5,1,0,1,0,0,1,0,0,1,0,"no te apresures
vamos por esta
y luego vemos
no funcionó tu plan
escojamos las columnas y filas donde menos se pierda
en todos los juegos
siempre c1
o c3
si ellos escojen el juego lo mejor es asegurar no perder
probemos
escoje f2
dime
saldrá en negativo
pero probemos
antes no me hiciste caso
pero yo si te hare
si
he comprobado que si perseguimos los 80 siempre coincide con el numero de juego
juego 1- c1f1
juego 2- c2f2
es mas sencillo de lo que parece
dos
tambien he comprobado que en el juego 1-2 gano yo. y en el 4-5 tu
y en el juego 3 empatamos en ganancia
bien
es cuando mas ingresos salen no?
los ingresos son los puntos?
2
si
juego 2
A  es de verdad
Tío es que nos puede quitar
jajaja
juego 2
es que es capaz de quitarnos asi que...
jajaja
ya
jajajajajaa
es el juego 3
Nosotros empatamos
Menuda suerte has tenido A
te vas a forrar
Ya nos podría haber tocado a nosotros xd
lA MEJOR ESTRATEGIA ES QUE TODOS GANEMOS CUANTO PODAMOS
perdonad las mayusculas
jajaja
A luwgo puedes repartirlo
si quieres
:)
juego3
si"
