paper_id,tag,accuracy,macro_f1,kappa,precision_0,recall_0,f1_0,precision_0.5,recall_0.5,f1_0.5,precision_1,recall_1,f1_1
4,uninformative,0.7708333333333334,0.5062442887602802,0.48613138686131385,0.8787878787878788,0.8529411764705882,0.8656716417910447,0.0,0.0,0.0,0.6666666666666666,0.64,0.6530612244897959
4,SDB,0.5520833333333334,0.549689102214465,0.10026155187445507,0.6,0.5660377358490566,0.5825242718446602,,,,0.5,0.5348837209302325,0.5168539325842697
4,overest_others,0.6770833333333334,0.4810810810810811,-0.03333333333333344,0.775,0.8266666666666667,0.8,,,,0.1875,0.14285714285714285,0.16216216216216217
4,underest_own,0.84375,0.5159663865546218,0.04761904761904767,0.9523809523809523,0.8791208791208791,0.9142857142857143,,,,0.08333333333333333,0.2,0.11764705882352941
4,academic_integrity,0.7291666666666666,0.5125,0.025761124121779888,0.8481012658227848,0.8271604938271605,0.8375,,,,0.17647058823529413,0.2,0.1875
4,info_asymmetry,0.65625,0.5055408147338848,0.012468827930174453,0.7945205479452054,0.7631578947368421,0.7785234899328859,,,,0.21739130434782608,0.25,0.23255813953488372
4,self_report_bias,0.8645833333333334,0.46368715083798884,-0.019607843137254832,0.9880952380952381,0.8736842105263158,0.9273743016759777,,,,0.0,0.0,0.0
4,truthful,0.9791666666666666,0.49473684210526314,0.0,0.9791666666666666,1.0,0.9894736842105263,,,,0.0,0.0,0.0
4,AVERAGE,0.7591145833333333,0.503680708285948,0.07741259524202283,,,,,,,,,
